id,last_updated_date,_fivetran_synced,ad_group_id,bid,campaign_id,creation_date,keyword_text,match_type,native_language_keyword,serving_status,state,native_language_locale
1234,2022-07-11 22:38:16.775000,2022-07-13 11:12:56.827,421,5,2187,2022-07-11 22:38:16.775000,b wing parts,exact,,TARGETING_CLAUSE_STATUS_LIVE,enabled,
1234,2022-07-13 15:21:15.060000,2022-12-13 17:11:43.865,421,5.5,2187,2022-07-11 22:38:16.775000,b wing parts,exact,,CAMPAIGN_PAUSED,enabled,
5678,2022-07-11 22:38:16.771000,2022-12-13 17:11:43.865,421,5,2187,2022-07-11 22:38:16.771000,y wing parts,exact,,CAMPAIGN_PAUSED,enabled,
9101112,2022-07-13 15:21:15.063000,2022-07-13 17:11:54.368,421,5.5,2187,2022-07-11 22:38:16.770000,x wing parts,exact,,TARGETING_CLAUSE_STATUS_LIVE,enabled,
9101112,2022-07-13 19:41:32.006000,2022-12-13 17:11:43.865,421,6,2187,2022-07-11 22:38:16.770000,x wing parts,exact,,CAMPAIGN_PAUSED,enabled,
9101112,2022-07-12 08:44:49.919000,2022-07-12 11:11:08.697,421,8,2187,2022-07-11 22:38:16.770000,x wing parts,exact,,TARGETING_CLAUSE_STATUS_LIVE,enabled,
9101112,2022-07-12 16:31:54.290000,2022-07-12 17:10:04.567,421,6,2187,2022-07-11 22:38:16.770000,x wing parts,exact,,TARGETING_CLAUSE_STATUS_LIVE,enabled,
9101112,2022-07-11 22:38:16.770000,2022-07-12 05:09:30.233,421,5,2187,2022-07-11 22:38:16.770000,x wing parts,exact,,TARGETING_CLAUSE_STATUS_LIVE,enabled,
9101112,2022-07-12 21:16:58.353000,2022-07-13 11:12:56.827,421,4.5,2187,2022-07-11 22:38:16.770000,x wing parts,exact,,TARGETING_CLAUSE_STATUS_LIVE,enabled,
